_unit_id,gender,description,fav_number,retweet_count,text,tweet_count
800000000,male,I love football and late-night coding.,140,62,Enjoying a quiet evening with good music and thoughtful reflection.,30456
800000001,male,Curious about the world and driven by growth.,44,151,Just finished an amazing workout and feeling energized today.,56502
800000002,male,Weekend traveler and reader of good stories.,111,59,A little progress every day adds up to something remarkable.,67437
800000003,male,Curious about the world and driven by growth.,101,166,"The best kind of weekend is full of laughter, movement, and music.",93124
800000004,female,"Sunrise walks, good conversations, and big goals.",229,150,Just finished an amazing workout and feeling energized today.,37663
800000005,male,Tech enthusiast who enjoys deep talks and coffee.,174,71,Spent the day exploring new places and meeting inspiring people.,21579
800000006,female,Passionate about learning and making a difference.,47,97,Love this moment of calm before the next big challenge.,13876
800000007,female,"Driven by purpose, wit, and a love of people.",135,11,Nothing like a productive day and a strong coffee to reset.,96847
800000008,male,Tech enthusiast who enjoys deep talks and coffee.,40,141,"Tonight is for reflecting, planning, and dreaming a little bigger.",39627
800000009,female,"Driven by purpose, wit, and a love of people.",98,180,Just finished an amazing workout and feeling energized today.,10316
800000010,male,"Always learning, always exploring new places.",40,59,Back to coding and pushing my project forward with new ideas.,114771
800000011,female,Designer by heart and storyteller by instinct.,232,162,Love this moment of calm before the next big challenge.,110528
800000012,male,"Family first, sports second, dreams always on.",181,53,Feeling grateful for small wins and the support of friends.,89041
800000013,male,Outdoorsy and full of ideas for the next challenge.,87,136,Spent the day exploring new places and meeting inspiring people.,96768
800000014,male,"Writer, gamer, and fitness lover.",194,69,Teamwork and creativity make everything more meaningful.,85086
800000015,male,"Family first, sports second, dreams always on.",28,58,Just finished an amazing workout and feeling energized today.,108915
800000016,female,Entrepreneur with a love for fashion and tech.,137,16,A little progress every day adds up to something remarkable.,28853
800000017,female,"Sunrise walks, good conversations, and big goals.",255,101,Nothing like a productive day and a strong coffee to reset.,85459
800000018,male,"Always learning, always exploring new places.",71,63,"The best kind of weekend is full of laughter, movement, and music.",98847
800000019,female,"Driven by purpose, wit, and a love of people.",219,149,Love this moment of calm before the next big challenge.,53550
800000020,male,"Coffee, music, and chasing big ideas.",260,126,Just finished an amazing workout and feeling energized today.,13115
800000021,male,"Coffee, music, and chasing big ideas.",81,174,A little progress every day adds up to something remarkable.,56533
800000022,male,Tech enthusiast who enjoys deep talks and coffee.,195,152,"The best kind of weekend is full of laughter, movement, and music.",62548
800000023,female,"Coffee dates, creativity, and endless inspiration.",5,174,Back to coding and pushing my project forward with new ideas.,95666
800000024,female,Enjoying life one adventure at a time.,57,75,Enjoying a quiet evening with good music and thoughtful reflection.,58185
800000025,female,"Creative thinker who loves art, travel, and music.",134,128,Enjoying a quiet evening with good music and thoughtful reflection.,101071
800000026,male,"Always learning, always exploring new places.",259,155,Enjoying a quiet evening with good music and thoughtful reflection.,27271
800000027,female,"Book lover, foodie, and dream chaser.",276,135,A little progress every day adds up to something remarkable.,1274
800000028,female,"Kind soul, curious mind, and a habit of creating.",9,28,Feeling grateful for small wins and the support of friends.,48776
800000029,male,I love football and late-night coding.,123,145,Back to coding and pushing my project forward with new ideas.,11522
800000030,female,Passionate about learning and making a difference.,272,32,"Tonight is for reflecting, planning, and dreaming a little bigger.",18028
800000031,female,"Coffee dates, creativity, and endless inspiration.",84,67,A little progress every day adds up to something remarkable.,70363
800000032,female,"Sunrise walks, good conversations, and big goals.",276,176,Teamwork and creativity make everything more meaningful.,27565
800000033,female,Entrepreneur with a love for fashion and tech.,191,112,Nothing like a productive day and a strong coffee to reset.,69039
800000034,male,Engineer with a passion for data and design.,115,16,Just finished an amazing workout and feeling energized today.,45513
800000035,male,Outdoorsy and full of ideas for the next challenge.,112,1,Teamwork and creativity make everything more meaningful.,10505
800000036,male,Engineer with a passion for data and design.,34,8,Love this moment of calm before the next big challenge.,113874
800000037,male,Curious about the world and driven by growth.,121,71,Nothing like a productive day and a strong coffee to reset.,88884
800000038,male,Curious about the world and driven by growth.,67,146,Nothing like a productive day and a strong coffee to reset.,76725
800000039,male,"Writer, gamer, and fitness lover.",208,48,Back to coding and pushing my project forward with new ideas.,13563
800000040,female,Enjoying life one adventure at a time.,216,105,Teamwork and creativity make everything more meaningful.,62413
800000041,male,Weekend traveler and reader of good stories.,31,103,Love this moment of calm before the next big challenge.,96648
800000042,male,Engineer with a passion for data and design.,98,48,Nothing like a productive day and a strong coffee to reset.,71492
800000043,male,Tech enthusiast who enjoys deep talks and coffee.,93,71,Spent the day exploring new places and meeting inspiring people.,61837
800000044,male,"Writer, gamer, and fitness lover.",281,25,"Tonight is for reflecting, planning, and dreaming a little bigger.",7830
800000045,male,Weekend traveler and reader of good stories.,121,42,Nothing like a productive day and a strong coffee to reset.,54469
800000046,female,"Sunrise walks, good conversations, and big goals.",205,15,Creative work is finally flowing and the ideas are everywhere.,22779
800000047,male,Tech enthusiast who enjoys deep talks and coffee.,135,116,Creative work is finally flowing and the ideas are everywhere.,38588
800000048,female,"Book lover, foodie, and dream chaser.",97,75,Just finished an amazing workout and feeling energized today.,29734
800000049,male,"Family first, sports second, dreams always on.",29,12,Nothing like a productive day and a strong coffee to reset.,77769
800000050,male,I love football and late-night coding.,260,20,Enjoying a quiet evening with good music and thoughtful reflection.,112787
800000051,male,Outdoorsy and full of ideas for the next challenge.,34,172,Spent the day exploring new places and meeting inspiring people.,114160
800000052,female,Passionate about learning and making a difference.,291,63,A little progress every day adds up to something remarkable.,77080
800000053,male,Outdoorsy and full of ideas for the next challenge.,41,107,A little progress every day adds up to something remarkable.,87363
800000054,female,Designer by heart and storyteller by instinct.,104,171,Love this moment of calm before the next big challenge.,95072
800000055,male,"Always learning, always exploring new places.",202,33,"Tonight is for reflecting, planning, and dreaming a little bigger.",89239
800000056,female,"Kind soul, curious mind, and a habit of creating.",161,18,Nothing like a productive day and a strong coffee to reset.,2420
800000057,male,Weekend traveler and reader of good stories.,275,54,Feeling grateful for small wins and the support of friends.,67507
800000058,male,"Family first, sports second, dreams always on.",35,62,Feeling grateful for small wins and the support of friends.,49634
800000059,male,"Writer, gamer, and fitness lover.",278,180,A little progress every day adds up to something remarkable.,40851
800000060,male,Curious about the world and driven by growth.,153,169,Enjoying a quiet evening with good music and thoughtful reflection.,14777
800000061,female,Passionate about learning and making a difference.,54,141,Feeling grateful for small wins and the support of friends.,21574
800000062,female,"Driven by purpose, wit, and a love of people.",107,87,"Tonight is for reflecting, planning, and dreaming a little bigger.",27885
800000063,female,"Coffee dates, creativity, and endless inspiration.",250,64,Just finished an amazing workout and feeling energized today.,112100
800000064,male,Tech enthusiast who enjoys deep talks and coffee.,141,11,Love this moment of calm before the next big challenge.,1664
800000065,male,"Always learning, always exploring new places.",82,113,Teamwork and creativity make everything more meaningful.,73509
800000066,female,"Coffee dates, creativity, and endless inspiration.",4,28,Teamwork and creativity make everything more meaningful.,11062
800000067,male,Curious about the world and driven by growth.,18,94,"The best kind of weekend is full of laughter, movement, and music.",77550
800000068,male,Tech enthusiast who enjoys deep talks and coffee.,65,10,Love this moment of calm before the next big challenge.,41604
800000069,male,"Family first, sports second, dreams always on.",107,174,"Tonight is for reflecting, planning, and dreaming a little bigger.",33906
800000070,male,"Family first, sports second, dreams always on.",286,104,Teamwork and creativity make everything more meaningful.,82551
800000071,male,Engineer with a passion for data and design.,83,45,Just finished an amazing workout and feeling energized today.,55240
800000072,male,"Family first, sports second, dreams always on.",210,171,Teamwork and creativity make everything more meaningful.,114454
800000073,male,"Always learning, always exploring new places.",81,179,Creative work is finally flowing and the ideas are everywhere.,15368
800000074,male,"Writer, gamer, and fitness lover.",113,51,Nothing like a productive day and a strong coffee to reset.,108231
800000075,female,Designer by heart and storyteller by instinct.,116,57,"Tonight is for reflecting, planning, and dreaming a little bigger.",4301
800000076,male,Tech enthusiast who enjoys deep talks and coffee.,168,71,Back to coding and pushing my project forward with new ideas.,114492
800000077,female,Enjoying life one adventure at a time.,260,102,"The best kind of weekend is full of laughter, movement, and music.",90265
800000078,female,"Creative thinker who loves art, travel, and music.",59,66,A little progress every day adds up to something remarkable.,24605
800000079,female,"Creative thinker who loves art, travel, and music.",55,152,Love this moment of calm before the next big challenge.,58159
800000080,female,Entrepreneur with a love for fashion and tech.,310,130,Creative work is finally flowing and the ideas are everywhere.,16357
800000081,male,"Always learning, always exploring new places.",22,111,"The best kind of weekend is full of laughter, movement, and music.",1421
800000082,male,"Family first, sports second, dreams always on.",220,17,Love this moment of calm before the next big challenge.,88262
800000083,female,Passionate about learning and making a difference.,153,129,"Tonight is for reflecting, planning, and dreaming a little bigger.",41738
800000084,female,Enjoying life one adventure at a time.,206,178,"The best kind of weekend is full of laughter, movement, and music.",39952
800000085,male,Engineer with a passion for data and design.,215,170,"Tonight is for reflecting, planning, and dreaming a little bigger.",50895
800000086,male,Outdoorsy and full of ideas for the next challenge.,291,77,"The best kind of weekend is full of laughter, movement, and music.",54425
800000087,male,"Always learning, always exploring new places.",146,53,A little progress every day adds up to something remarkable.,57546
800000088,female,"Kind soul, curious mind, and a habit of creating.",226,113,Spent the day exploring new places and meeting inspiring people.,89755
800000089,female,"Book lover, foodie, and dream chaser.",43,72,"Tonight is for reflecting, planning, and dreaming a little bigger.",68761
800000090,female,Passionate about learning and making a difference.,120,172,Spent the day exploring new places and meeting inspiring people.,41887
800000091,male,"Coffee, music, and chasing big ideas.",12,11,Nothing like a productive day and a strong coffee to reset.,33292
800000092,male,"Writer, gamer, and fitness lover.",212,161,Spent the day exploring new places and meeting inspiring people.,76654
800000093,female,"Kind soul, curious mind, and a habit of creating.",204,62,"Tonight is for reflecting, planning, and dreaming a little bigger.",20542
800000094,male,Weekend traveler and reader of good stories.,217,56,Teamwork and creativity make everything more meaningful.,24253
800000095,female,"Creative thinker who loves art, travel, and music.",285,63,Back to coding and pushing my project forward with new ideas.,112393
800000096,female,"Book lover, foodie, and dream chaser.",237,170,"The best kind of weekend is full of laughter, movement, and music.",70816
800000097,female,"Kind soul, curious mind, and a habit of creating.",313,129,"The best kind of weekend is full of laughter, movement, and music.",57133
800000098,female,"Book lover, foodie, and dream chaser.",243,115,Spent the day exploring new places and meeting inspiring people.,35172
800000099,female,"Coffee dates, creativity, and endless inspiration.",248,160,Feeling grateful for small wins and the support of friends.,32558
800000100,female,Passionate about learning and making a difference.,146,60,Love this moment of calm before the next big challenge.,36814
800000101,female,"Coffee dates, creativity, and endless inspiration.",41,35,Spent the day exploring new places and meeting inspiring people.,20969
800000102,female,"Book lover, foodie, and dream chaser.",109,16,Creative work is finally flowing and the ideas are everywhere.,55577
800000103,female,"Coffee dates, creativity, and endless inspiration.",238,106,Spent the day exploring new places and meeting inspiring people.,9361
800000104,female,Entrepreneur with a love for fashion and tech.,299,178,A little progress every day adds up to something remarkable.,3760
800000105,female,"Kind soul, curious mind, and a habit of creating.",3,90,Creative work is finally flowing and the ideas are everywhere.,40339
800000106,female,"Coffee dates, creativity, and endless inspiration.",279,154,Nothing like a productive day and a strong coffee to reset.,30106
800000107,male,"Always learning, always exploring new places.",223,124,Creative work is finally flowing and the ideas are everywhere.,5004
800000108,female,Entrepreneur with a love for fashion and tech.,84,119,A little progress every day adds up to something remarkable.,17928
800000109,male,Tech enthusiast who enjoys deep talks and coffee.,303,144,Just finished an amazing workout and feeling energized today.,88100
800000110,male,Tech enthusiast who enjoys deep talks and coffee.,69,118,Just finished an amazing workout and feeling energized today.,25019
800000111,female,Entrepreneur with a love for fashion and tech.,167,54,Love this moment of calm before the next big challenge.,60798
800000112,female,Entrepreneur with a love for fashion and tech.,142,107,Back to coding and pushing my project forward with new ideas.,34265
800000113,female,"Creative thinker who loves art, travel, and music.",276,13,Spent the day exploring new places and meeting inspiring people.,47070
800000114,male,I love football and late-night coding.,15,63,Just finished an amazing workout and feeling energized today.,27330
800000115,male,Engineer with a passion for data and design.,64,121,Back to coding and pushing my project forward with new ideas.,88947
800000116,male,"Writer, gamer, and fitness lover.",131,94,A little progress every day adds up to something remarkable.,23192
800000117,male,"Coffee, music, and chasing big ideas.",159,27,Just finished an amazing workout and feeling energized today.,77049
800000118,female,"Driven by purpose, wit, and a love of people.",192,101,Spent the day exploring new places and meeting inspiring people.,94918
800000119,male,Outdoorsy and full of ideas for the next challenge.,124,26,Feeling grateful for small wins and the support of friends.,92582
800000120,male,Outdoorsy and full of ideas for the next challenge.,21,88,Creative work is finally flowing and the ideas are everywhere.,71027
800000121,female,Passionate about learning and making a difference.,259,165,Just finished an amazing workout and feeling energized today.,45925
800000122,female,"Kind soul, curious mind, and a habit of creating.",54,110,"Tonight is for reflecting, planning, and dreaming a little bigger.",48672
800000123,female,"Book lover, foodie, and dream chaser.",222,45,"The best kind of weekend is full of laughter, movement, and music.",97380
800000124,female,"Driven by purpose, wit, and a love of people.",275,123,Creative work is finally flowing and the ideas are everywhere.,62131
800000125,female,Enjoying life one adventure at a time.,125,22,Nothing like a productive day and a strong coffee to reset.,37759
800000126,male,"Writer, gamer, and fitness lover.",291,156,Creative work is finally flowing and the ideas are everywhere.,88780
800000127,female,"Creative thinker who loves art, travel, and music.",253,83,Nothing like a productive day and a strong coffee to reset.,25034
800000128,male,"Family first, sports second, dreams always on.",132,87,A little progress every day adds up to something remarkable.,37855
800000129,female,"Coffee dates, creativity, and endless inspiration.",5,132,Back to coding and pushing my project forward with new ideas.,26242
800000130,male,Tech enthusiast who enjoys deep talks and coffee.,250,142,Spent the day exploring new places and meeting inspiring people.,100574
800000131,female,"Kind soul, curious mind, and a habit of creating.",229,4,Feeling grateful for small wins and the support of friends.,13396
800000132,male,Tech enthusiast who enjoys deep talks and coffee.,124,78,A little progress every day adds up to something remarkable.,88226
800000133,female,"Kind soul, curious mind, and a habit of creating.",283,135,Creative work is finally flowing and the ideas are everywhere.,46256
800000134,female,Enjoying life one adventure at a time.,232,69,Feeling grateful for small wins and the support of friends.,41389
800000135,male,Weekend traveler and reader of good stories.,98,80,Teamwork and creativity make everything more meaningful.,16870
800000136,male,Engineer with a passion for data and design.,110,123,Teamwork and creativity make everything more meaningful.,37441
800000137,female,Passionate about learning and making a difference.,99,75,Love this moment of calm before the next big challenge.,31016
800000138,male,"Always learning, always exploring new places.",7,136,Feeling grateful for small wins and the support of friends.,17791
800000139,male,I love football and late-night coding.,283,74,Enjoying a quiet evening with good music and thoughtful reflection.,92611
800000140,female,Passionate about learning and making a difference.,6,146,Nothing like a productive day and a strong coffee to reset.,38468
800000141,female,"Kind soul, curious mind, and a habit of creating.",174,47,Feeling grateful for small wins and the support of friends.,7934
800000142,female,Passionate about learning and making a difference.,33,102,Back to coding and pushing my project forward with new ideas.,65654
800000143,male,"Coffee, music, and chasing big ideas.",76,144,Back to coding and pushing my project forward with new ideas.,41024
800000144,male,Weekend traveler and reader of good stories.,285,106,A little progress every day adds up to something remarkable.,80671
800000145,male,Curious about the world and driven by growth.,194,115,Feeling grateful for small wins and the support of friends.,59228
800000146,female,Designer by heart and storyteller by instinct.,291,158,A little progress every day adds up to something remarkable.,9094
800000147,male,Engineer with a passion for data and design.,320,54,"Tonight is for reflecting, planning, and dreaming a little bigger.",35887
800000148,male,"Coffee, music, and chasing big ideas.",122,44,Back to coding and pushing my project forward with new ideas.,73550
800000149,male,I love football and late-night coding.,209,115,A little progress every day adds up to something remarkable.,91557
800000150,female,Designer by heart and storyteller by instinct.,16,59,Teamwork and creativity make everything more meaningful.,38962
800000151,female,"Kind soul, curious mind, and a habit of creating.",36,175,Feeling grateful for small wins and the support of friends.,31795
800000152,male,Tech enthusiast who enjoys deep talks and coffee.,58,139,"Tonight is for reflecting, planning, and dreaming a little bigger.",30666
800000153,male,"Always learning, always exploring new places.",72,18,Enjoying a quiet evening with good music and thoughtful reflection.,9016
800000154,female,"Driven by purpose, wit, and a love of people.",291,73,Back to coding and pushing my project forward with new ideas.,58760
800000155,female,Designer by heart and storyteller by instinct.,206,69,"The best kind of weekend is full of laughter, movement, and music.",66797
800000156,female,"Kind soul, curious mind, and a habit of creating.",41,153,Creative work is finally flowing and the ideas are everywhere.,6424
800000157,female,"Driven by purpose, wit, and a love of people.",128,6,Spent the day exploring new places and meeting inspiring people.,13170
800000158,male,"Always learning, always exploring new places.",295,10,Enjoying a quiet evening with good music and thoughtful reflection.,101222
800000159,female,"Coffee dates, creativity, and endless inspiration.",226,71,A little progress every day adds up to something remarkable.,24988
800000160,female,"Kind soul, curious mind, and a habit of creating.",46,120,Creative work is finally flowing and the ideas are everywhere.,46807
800000161,female,Enjoying life one adventure at a time.,53,41,Creative work is finally flowing and the ideas are everywhere.,44428
800000162,female,Designer by heart and storyteller by instinct.,205,140,Nothing like a productive day and a strong coffee to reset.,6009
800000163,male,"Family first, sports second, dreams always on.",129,82,Creative work is finally flowing and the ideas are everywhere.,16394
800000164,male,Curious about the world and driven by growth.,236,105,Spent the day exploring new places and meeting inspiring people.,8304
800000165,female,"Driven by purpose, wit, and a love of people.",255,160,Just finished an amazing workout and feeling energized today.,59139
800000166,male,"Always learning, always exploring new places.",281,33,Nothing like a productive day and a strong coffee to reset.,38952
800000167,female,Passionate about learning and making a difference.,14,161,Spent the day exploring new places and meeting inspiring people.,81006
800000168,male,"Always learning, always exploring new places.",282,3,Creative work is finally flowing and the ideas are everywhere.,73584
800000169,male,Engineer with a passion for data and design.,58,118,"Tonight is for reflecting, planning, and dreaming a little bigger.",16596
800000170,male,"Writer, gamer, and fitness lover.",149,130,Feeling grateful for small wins and the support of friends.,93659
800000171,female,"Kind soul, curious mind, and a habit of creating.",241,62,"The best kind of weekend is full of laughter, movement, and music.",61071
800000172,male,Tech enthusiast who enjoys deep talks and coffee.,97,153,Teamwork and creativity make everything more meaningful.,67816
800000173,male,Weekend traveler and reader of good stories.,141,106,"The best kind of weekend is full of laughter, movement, and music.",45748
800000174,female,"Creative thinker who loves art, travel, and music.",144,76,A little progress every day adds up to something remarkable.,110969
800000175,female,"Book lover, foodie, and dream chaser.",228,137,Love this moment of calm before the next big challenge.,64683
800000176,female,"Coffee dates, creativity, and endless inspiration.",278,96,Love this moment of calm before the next big challenge.,60882
800000177,male,Engineer with a passion for data and design.,292,98,Creative work is finally flowing and the ideas are everywhere.,31813
800000178,male,"Family first, sports second, dreams always on.",242,180,Creative work is finally flowing and the ideas are everywhere.,107552
800000179,female,"Book lover, foodie, and dream chaser.",253,9,"The best kind of weekend is full of laughter, movement, and music.",17747
800000180,female,Passionate about learning and making a difference.,225,25,Nothing like a productive day and a strong coffee to reset.,70137
800000181,male,"Coffee, music, and chasing big ideas.",209,167,Back to coding and pushing my project forward with new ideas.,21432
800000182,female,Designer by heart and storyteller by instinct.,173,159,Creative work is finally flowing and the ideas are everywhere.,91994
800000183,male,"Family first, sports second, dreams always on.",273,97,"Tonight is for reflecting, planning, and dreaming a little bigger.",42705
800000184,female,"Coffee dates, creativity, and endless inspiration.",18,158,Spent the day exploring new places and meeting inspiring people.,10168
800000185,female,"Sunrise walks, good conversations, and big goals.",46,111,"Tonight is for reflecting, planning, and dreaming a little bigger.",14103
800000186,male,"Writer, gamer, and fitness lover.",85,177,Just finished an amazing workout and feeling energized today.,40451
800000187,male,"Family first, sports second, dreams always on.",28,75,Love this moment of calm before the next big challenge.,48184
800000188,female,"Book lover, foodie, and dream chaser.",125,135,A little progress every day adds up to something remarkable.,55208
800000189,male,"Coffee, music, and chasing big ideas.",89,20,Creative work is finally flowing and the ideas are everywhere.,81087
800000190,male,"Writer, gamer, and fitness lover.",298,36,Nothing like a productive day and a strong coffee to reset.,31633
800000191,female,"Kind soul, curious mind, and a habit of creating.",130,170,Nothing like a productive day and a strong coffee to reset.,2431
800000192,female,"Coffee dates, creativity, and endless inspiration.",80,18,Love this moment of calm before the next big challenge.,59098
800000193,female,Entrepreneur with a love for fashion and tech.,128,116,Feeling grateful for small wins and the support of friends.,111995
800000194,male,Tech enthusiast who enjoys deep talks and coffee.,247,27,Creative work is finally flowing and the ideas are everywhere.,32291
800000195,female,"Driven by purpose, wit, and a love of people.",151,179,Just finished an amazing workout and feeling energized today.,39896
800000196,female,Designer by heart and storyteller by instinct.,4,144,"Tonight is for reflecting, planning, and dreaming a little bigger.",114586
800000197,male,Outdoorsy and full of ideas for the next challenge.,254,73,Spent the day exploring new places and meeting inspiring people.,102877
800000198,female,"Sunrise walks, good conversations, and big goals.",97,158,"Tonight is for reflecting, planning, and dreaming a little bigger.",34050
800000199,male,Weekend traveler and reader of good stories.,20,79,Nothing like a productive day and a strong coffee to reset.,104564
800000200,male,Outdoorsy and full of ideas for the next challenge.,186,33,Feeling grateful for small wins and the support of friends.,13013
800000201,female,Entrepreneur with a love for fashion and tech.,89,51,"The best kind of weekend is full of laughter, movement, and music.",18522
800000202,female,"Coffee dates, creativity, and endless inspiration.",256,69,Enjoying a quiet evening with good music and thoughtful reflection.,110051
800000203,female,"Kind soul, curious mind, and a habit of creating.",151,86,Back to coding and pushing my project forward with new ideas.,106612
800000204,female,Passionate about learning and making a difference.,72,57,"Tonight is for reflecting, planning, and dreaming a little bigger.",113940
800000205,female,"Coffee dates, creativity, and endless inspiration.",187,23,Creative work is finally flowing and the ideas are everywhere.,104836
800000206,male,"Always learning, always exploring new places.",274,31,Love this moment of calm before the next big challenge.,60809
800000207,female,"Driven by purpose, wit, and a love of people.",195,163,Back to coding and pushing my project forward with new ideas.,49889
800000208,male,"Writer, gamer, and fitness lover.",12,158,Love this moment of calm before the next big challenge.,74784
800000209,male,Weekend traveler and reader of good stories.,237,179,"Tonight is for reflecting, planning, and dreaming a little bigger.",40808
800000210,female,Passionate about learning and making a difference.,71,11,Feeling grateful for small wins and the support of friends.,6077
800000211,female,Passionate about learning and making a difference.,49,60,Enjoying a quiet evening with good music and thoughtful reflection.,71657
800000212,female,"Kind soul, curious mind, and a habit of creating.",189,171,Teamwork and creativity make everything more meaningful.,98604
800000213,female,"Driven by purpose, wit, and a love of people.",79,106,Back to coding and pushing my project forward with new ideas.,87041
800000214,female,"Driven by purpose, wit, and a love of people.",208,71,Teamwork and creativity make everything more meaningful.,5488
800000215,female,"Sunrise walks, good conversations, and big goals.",227,113,Love this moment of calm before the next big challenge.,32147
800000216,male,"Family first, sports second, dreams always on.",278,165,Just finished an amazing workout and feeling energized today.,48212
800000217,female,Designer by heart and storyteller by instinct.,97,31,Nothing like a productive day and a strong coffee to reset.,112353
800000218,male,Engineer with a passion for data and design.,305,5,Love this moment of calm before the next big challenge.,7829
800000219,male,"Coffee, music, and chasing big ideas.",289,52,"The best kind of weekend is full of laughter, movement, and music.",10192
800000220,male,Outdoorsy and full of ideas for the next challenge.,110,59,Enjoying a quiet evening with good music and thoughtful reflection.,44264
800000221,male,"Always learning, always exploring new places.",74,33,Feeling grateful for small wins and the support of friends.,72007
800000222,male,Weekend traveler and reader of good stories.,13,33,Love this moment of calm before the next big challenge.,3147
800000223,male,Outdoorsy and full of ideas for the next challenge.,165,4,Feeling grateful for small wins and the support of friends.,24038
800000224,male,"Coffee, music, and chasing big ideas.",215,134,Teamwork and creativity make everything more meaningful.,16096
800000225,male,"Writer, gamer, and fitness lover.",229,92,A little progress every day adds up to something remarkable.,68471
800000226,male,"Writer, gamer, and fitness lover.",257,56,Just finished an amazing workout and feeling energized today.,81823
800000227,female,"Kind soul, curious mind, and a habit of creating.",15,15,Creative work is finally flowing and the ideas are everywhere.,63981
800000228,female,Passionate about learning and making a difference.,251,113,Back to coding and pushing my project forward with new ideas.,10832
800000229,female,"Driven by purpose, wit, and a love of people.",75,16,Feeling grateful for small wins and the support of friends.,17740
800000230,female,Entrepreneur with a love for fashion and tech.,305,135,Nothing like a productive day and a strong coffee to reset.,39852
800000231,female,Passionate about learning and making a difference.,58,167,"The best kind of weekend is full of laughter, movement, and music.",86516
800000232,male,Tech enthusiast who enjoys deep talks and coffee.,231,58,Love this moment of calm before the next big challenge.,55439
800000233,female,Entrepreneur with a love for fashion and tech.,212,24,Creative work is finally flowing and the ideas are everywhere.,42166
800000234,female,Designer by heart and storyteller by instinct.,191,39,Nothing like a productive day and a strong coffee to reset.,91223
800000235,male,Weekend traveler and reader of good stories.,43,23,Back to coding and pushing my project forward with new ideas.,57806
800000236,female,"Book lover, foodie, and dream chaser.",284,15,"The best kind of weekend is full of laughter, movement, and music.",78069
800000237,female,Passionate about learning and making a difference.,210,90,Creative work is finally flowing and the ideas are everywhere.,88407
800000238,male,"Always learning, always exploring new places.",307,79,Back to coding and pushing my project forward with new ideas.,47290
800000239,male,"Coffee, music, and chasing big ideas.",246,57,Back to coding and pushing my project forward with new ideas.,112254
800000240,female,"Coffee dates, creativity, and endless inspiration.",188,29,Feeling grateful for small wins and the support of friends.,101156
800000241,male,Tech enthusiast who enjoys deep talks and coffee.,287,159,"Tonight is for reflecting, planning, and dreaming a little bigger.",81622
800000242,male,Outdoorsy and full of ideas for the next challenge.,136,7,Feeling grateful for small wins and the support of friends.,24847
800000243,female,Enjoying life one adventure at a time.,179,1,Enjoying a quiet evening with good music and thoughtful reflection.,24977
800000244,female,Passionate about learning and making a difference.,72,162,Back to coding and pushing my project forward with new ideas.,5218
800000245,male,Tech enthusiast who enjoys deep talks and coffee.,214,116,Enjoying a quiet evening with good music and thoughtful reflection.,45881
800000246,female,Designer by heart and storyteller by instinct.,166,145,Back to coding and pushing my project forward with new ideas.,79348
800000247,male,"Coffee, music, and chasing big ideas.",80,158,"Tonight is for reflecting, planning, and dreaming a little bigger.",7722
800000248,male,"Always learning, always exploring new places.",226,169,Nothing like a productive day and a strong coffee to reset.,56776
800000249,female,Entrepreneur with a love for fashion and tech.,139,55,"The best kind of weekend is full of laughter, movement, and music.",100151
